pincode,district_lgd_code,lat,lng
600001,568,13.091400,80.282817
600002,568,13.074400,80.271400
600003,568,13.075400,80.273700
600004,568,13.075400,80.273700
600005,568,13.057200,80.277800
600006,568,13.075400,80.273700
600007,568,13.084700,80.267500
600008,568,13.071700,80.255600
600009,568,13.075400,80.273700
600010,568,13.080000,80.240800
600011,568,13.110300,80.242500
600012,568,13.064700,80.252300
600013,568,13.114100,80.294700
600014,568,13.050600,80.264200
600015,568,13.109600,80.214600
600016,574,12.984600,80.174700
600017,568,13.109600,80.214600
600018,568,13.043300,80.252800
600019,589,13.158200,80.301800
600020,568,12.996700,80.260300
600021,568,13.121000,80.285000
600022,568,13.048400,80.247300
600023,568,13.048400,80.247300
600024,568,13.048100,80.221400
600025,568,13.048400,80.247300
600026,568,13.051100,80.212500
600028,568,13.025000,80.257500
600030,568,13.076800,80.224400
600031,568,13.070000,80.240800
600032,568,13.065900,80.236500
600033,568,13.038900,80.225800
600034,568,13.060600,80.234400
600035,568,13.026900,80.240600
600036,568,13.065900,80.236500
600037,589,13.243100,79.940000
600038,568,13.065900,80.236500
600039,568,13.111100,80.264700
600040,568,13.064700,80.252300
600041,568,13.027633,80.253933
600042,568,13.064700,80.252300
600043,730,12.968000,80.150200
600044,730,12.807213,80.059112
600045,730,12.881900,80.088500
600046,730,12.881900,80.088500
600047,730,12.881900,80.088500
600048,730,12.890400,80.072425
600049,589,13.093750,80.211300
600050,589,13.243100,79.940000
600051,589,13.150100,80.242000
600052,589,13.237878,79.970622
600053,589,13.243100,79.940000
600054,589,13.243100,79.940000
600055,589,13.154700,80.069400
600056,589,13.051640,79.896660
600057,589,13.022600,79.842200
600058,589,13.022600,79.842200
600059,730,12.695200,79.947900
600060,589,13.126900,80.246700
600061,574,12.980500,80.188100
600062,589,13.158000,80.106300
600063,730,12.695200,79.947900
600064,730,12.695200,79.947900
600066,589,13.045800,79.905300
600067,589,13.250257,80.009771
600068,589,13.361800,80.052800
600069,574,12.978000,80.067800
600070,730,12.982800,80.126400
600071,589,13.243100,79.940000
600072,589,13.243100,79.940000
600073,730,12.844667,80.095767
600074,730,12.959100,80.143600
600075,730,12.975000,80.134700
600076,589,13.243100,79.940000
600077,589,13.243100,79.940000
600078,568,13.064700,80.252300
600081,568,13.127400,80.288600
600082,568,13.090700,80.255400
600083,568,13.047300,80.200200
600084,568,13.047300,80.200200
600085,568,13.015600,80.246700
600086,568,13.047200,80.257800
600087,589,13.043900,80.172500
600088,574,12.991800,80.203500
600089,574,12.833050,79.934650
600090,568,13.064700,80.252300
600091,574,12.962300,80.198600
600092,568,13.064700,80.252300
600093,568,13.064700,80.252300
600094,568,13.064700,80.252300
600095,589,13.067500,80.163200
600096,574,12.960900,80.240900
600097,574,12.937000,80.110500
600099,589,13.153900,80.096150
600100,730,12.937700,80.215300
600101,568,13.064700,80.252300
600102,568,13.064700,80.252300
600103,589,13.306200,80.156500
600104,568,13.064700,80.252300
600106,568,13.073400,80.206900
600107,568,13.063767,80.238000
600110,589,13.130000,80.231100
600113,568,13.064700,80.252300
600115,574,12.895900,79.693000
600116,574,12.799667,79.935133
600117,730,13.027000,80.069400
600118,568,13.064700,80.252300
600119,574,12.890000,80.231300
600120,589,13.256000,80.281800
600122,574,12.695200,79.947900
600123,589,13.243100,79.940000
600124,589,13.243100,79.940000
600125,574,13.018150,80.170700
600126,730,12.773850,79.997300
600127,730,12.660433,79.916633
600128,574,12.877833,79.945267
600129,730,12.888000,79.796600
600130,730,12.859500,79.991400
600131,730,12.859500,79.991400
600132,574,12.859500,79.991400
601101,589,13.336400,80.084575
601102,589,13.163800,79.891312
601103,589,13.227389,79.924233
601201,589,13.415375,80.056281
601202,589,13.423871,79.995443
601203,589,13.264873,80.166564
601204,589,13.330220,80.154600
601205,589,13.423267,80.271000
601206,589,13.361033,80.105617
601301,574,12.920975,80.025000
602001,589,13.055300,79.906000
602002,589,13.085614,79.910557
602003,589,13.055300,79.906000
602021,589,13.187700,79.945986
602023,589,13.235725,79.923683
602024,589,13.230900,79.951692
602025,589,13.094400,79.952886
602026,589,13.310000,79.920610
602105,574,12.907808,79.904858
602106,574,12.920100,79.873767
602108,574,12.908080,79.850160
602117,574,12.995000,79.990500
603001,730,12.686800,79.964800
603002,730,12.695500,79.929783
603003,730,12.678200,79.999780
603004,730,12.686800,79.964800
603101,730,12.767000,79.914800
603102,730,12.502892,80.095492
603103,730,12.797575,79.977700
603104,730,12.685433,80.004522
603105,730,12.682220,80.121800
603106,574,12.525600,79.976400
603107,574,12.662709,79.866782
603108,730,12.611050,79.978800
603109,730,12.590592,80.082300
603110,730,12.731100,80.174680
603111,730,12.549843,79.987700
603112,730,12.786500,80.250600
603127,730,12.543600,79.992900
603201,730,12.642380,79.833840
603202,730,12.852500,80.046700
603203,730,12.996200,80.075100
603204,730,12.733890,79.879890
603209,730,12.711700,79.850800
603210,730,12.711700,79.850800
603211,730,12.711700,79.850800
603301,730,12.396786,79.824400
603302,730,12.471713,79.923412
603303,730,12.480745,79.811045
603304,730,12.540567,79.936233
603305,730,12.663875,79.967750
603306,730,12.464982,79.867000
603307,730,12.712200,79.855600
603308,730,12.519411,79.865956
603309,730,12.417700,79.884240
603310,730,12.624725,79.935025
603311,730,12.449900,79.897400
603312,730,12.758025,79.918937
603313,730,12.376817,79.936333
603314,730,12.449900,79.897400
603319,730,12.455367,79.825300
603401,730,12.278117,79.912183
603402,574,12.582800,79.717200
603403,574,12.649800,79.658500
603405,730,12.574217,79.988733
603406,730,12.581492,79.775300
604001,596,12.227200,79.652900
604101,596,12.179783,79.591500
604102,596,12.164800,79.699286
604151,596,12.174318,79.281845
604152,596,12.169700,79.449600
604153,596,12.123780,79.341220
604154,596,12.145825,79.780475
604201,596,12.373500,79.267300
604202,596,12.025171,79.380900
604203,596,12.235700,79.460600
604204,596,12.370225,79.318508
604205,596,11.998100,79.309956
604206,596,12.255175,79.523700
604207,596,12.308592,79.611000
604208,596,12.381712,79.394175
604210,596,12.316229,79.407486
604301,596,12.188300,79.729100
604302,596,12.249758,79.564508
604303,596,12.175789,79.775533
604304,596,12.100171,79.647843
604305,596,12.306300,79.740925
604306,596,12.192800,79.549000
604307,596,12.235944,79.672822
604401,593,12.450486,79.209843
604402,593,12.744986,79.539014
604403,593,12.509480,79.708480
604404,593,12.561200,79.525220
604405,593,12.437000,79.516814
604406,593,12.387208,79.563583
604407,731,12.695613,79.526231
604408,593,12.471917,79.531206
604409,593,12.640171,79.465000
604410,593,12.761300,79.605114
604501,593,12.528817,79.502292
604502,593,12.457233,79.323483
604503,593,12.541425,79.455100
604504,593,12.614780,79.357440
604505,593,12.612671,79.418229
604601,593,12.225600,79.225588
605007,570,11.535000,79.450900
605014,596,11.973400,79.292100
605101,596,12.005500,79.808900
605102,596,11.916200,79.685300
605103,596,12.005925,79.475212
605105,596,11.754057,79.313671
605106,570,11.661520,79.537420
605107,596,11.953100,79.622400
605108,596,11.925788,79.578312
605109,596,12.048500,79.720500
605110,596,11.973400,79.292100
605111,596,12.007600,79.787800
605201,596,12.082289,79.354333
605202,596,12.078033,79.407317
605203,596,12.086113,79.465812
605301,596,11.932814,79.431614
605302,596,11.944200,79.387925
605401,596,11.854117,79.398517
605402,596,12.015578,79.423200
605501,596,12.201678,79.639333
605502,596,12.308100,79.705600
605601,596,11.984388,79.519588
605602,596,11.935900,79.515200
605651,596,12.139000,79.526988
605652,596,12.049492,79.563192
605701,596,11.945210,79.285320
605702,729,12.097944,78.994189
605751,729,11.897600,79.209686
605752,596,11.981775,79.217500
605754,729,12.014971,79.085686
605755,596,11.975300,79.313800
605756,729,11.825800,79.265900
605757,729,11.945700,79.219700
605758,596,12.045525,79.213925
605759,729,11.945700,79.219700
605766,729,12.027255,79.220682
605801,729,11.964057,79.120729
605802,729,12.056500,79.150717
605803,596,12.001000,79.132700
606001,570,11.521600,79.307100
606003,570,11.521600,79.307110
606102,729,11.777045,79.289282
606103,570,11.464688,79.443325
606104,570,11.666067,79.267667
606105,570,11.418100,79.266417
606106,570,11.422387,79.104325
606107,729,11.790208,79.326308
606108,570,11.509267,79.250183
606109,570,11.531300,78.997800
606110,570,11.464300,79.349000
606111,570,11.412389,79.189189
606115,729,11.741783,79.339300
606201,729,11.855443,79.143257
606202,729,11.690700,78.879100
606203,729,11.672389,79.059600
606204,729,11.646536,79.026809
606205,729,11.835600,79.089420
606206,729,11.906720,79.236307
606207,729,11.802185,78.840900
606208,729,11.834617,78.929517
606209,729,11.751969,78.655931
606213,729,11.746408,78.980092
606301,729,11.553889,78.876811
606302,570,11.530111,79.254467
606303,570,11.440889,78.979100
606304,570,11.593178,79.216156
606305,729,11.641262,79.179288
606401,729,11.820560,79.117487
606402,729,11.947900,79.106330
606601,593,12.260700,79.051500
606603,593,12.260700,79.051500
606604,593,12.260717,79.051500
606611,593,12.233117,79.117583
606701,593,12.308900,78.791400
606702,593,12.262900,78.921500
606703,593,12.244878,78.717089
606704,593,12.467200,79.206189
606705,593,12.431100,79.167700
606706,593,12.188900,78.860980
606707,593,12.174914,79.104900
606708,593,12.238714,78.949871
606709,593,12.233500,78.800100
606710,593,12.443714,78.971229
606751,593,12.436120,79.123590
606752,593,12.384957,79.166200
606753,593,12.143300,79.027125
606754,593,12.152514,79.225857
606755,593,12.325413,79.176037
606801,593,12.468300,79.353400
606802,593,12.381200,79.088800
606803,593,12.498594,79.124506
606804,593,12.088543,79.168900
606805,593,12.325675,79.071900
606806,593,12.066900,79.119820
606807,593,12.541100,79.318000
606808,593,12.123483,79.078617
606811,593,12.203357,79.129000
606901,593,12.431100,79.167700
606902,593,12.454810,79.273820
606903,593,12.594312,79.218450
606904,593,12.449300,79.194383
606905,593,12.530757,79.180457
606906,593,12.463200,79.020200
606907,593,12.467986,79.184400
606908,593,12.404200,78.965000
607001,570,11.757933,79.765483
607002,570,11.731200,79.587100
607003,570,11.520485,79.449854
607004,570,11.731200,79.587100
607005,570,11.731200,79.587100
607006,570,11.754000,79.704500
607101,729,11.709773,79.372991
607102,570,11.756900,79.623800
607103,570,11.538171,79.433986
607104,570,11.785017,79.617500
607105,570,11.591387,79.538112
607106,570,11.805471,79.511336
607107,729,11.857200,79.425100
607108,570,11.829400,79.498580
607109,570,11.784886,79.705800
607112,570,11.622125,79.399150
607201,729,11.706257,79.171371
607202,729,11.728080,79.191480
607203,596,11.890780,79.370080
607204,729,11.761509,79.375409
607205,570,11.722213,79.490912
607209,729,11.855583,79.322383
607301,570,11.550150,79.459514
607302,570,11.536391,79.463609
607303,570,11.600657,79.332586
607308,570,11.535000,79.450900
607401,570,11.535000,79.450900
607402,570,11.535000,79.450900
607801,570,11.604800,79.521000
607802,570,11.571245,79.543064
607803,570,11.604800,79.521000
607804,570,11.560300,79.397680
607805,570,11.658689,79.464778
607807,570,11.604800,79.521000
608001,570,11.632700,79.446700
608002,570,11.555918,79.524718
608102,570,11.449300,79.766800
608201,570,11.403300,79.577878
608301,570,11.283573,79.529318
608302,570,11.333173,79.641100
608303,570,11.585200,79.467156
608304,570,11.192800,79.501913
608305,570,11.361011,79.585322
608306,570,11.223780,79.567920
608401,570,11.363200,79.664586
608501,570,11.535000,79.450900
608502,570,11.486620,79.752680
608601,570,11.448609,79.605600
608602,570,11.436100,79.652325
608701,570,11.362775,79.483675
608702,570,11.418218,79.509891
608703,570,11.424800,79.395877
608704,570,11.475967,79.562300
608801,570,11.524067,79.459689
608901,610,11.278087,79.276588
609001,735,10.919680,79.702090
609003,735,11.104300,79.627200
609101,735,10.942891,79.746855
609102,735,10.849400,79.738900
609103,735,10.849400,79.738900
609104,735,11.275300,79.771000
609105,735,11.151025,79.840675
609106,735,11.200425,79.793800
609107,735,10.849400,79.738900
609108,735,11.285914,79.705800
609109,735,11.142117,79.753283
609110,735,11.203000,79.588700
609111,735,11.266400,79.750600
609112,735,11.195500,79.660600
609113,735,11.240000,79.837100
609114,735,11.166333,79.811500
609115,735,11.269100,79.800800
609116,735,11.203000,79.588700
609117,735,10.948014,79.733286
609118,735,10.898217,79.729600
609201,735,11.106000,79.595300
609202,735,11.204800,79.570200
609203,735,11.126700,79.603612
609204,735,11.041850,79.631200
609205,735,10.849400,79.738900
609301,735,11.103617,79.816217
609302,735,11.191500,79.712900
609303,735,10.849400,79.738900
609304,735,11.123640,79.736580
609305,735,11.103300,79.691100
609306,735,11.013000,79.745100
609307,735,10.978717,79.705483
609308,735,11.018200,79.756500
609309,735,11.103900,79.739886
609310,735,11.037800,79.795833
609311,735,11.056200,79.704700
609312,735,11.056200,79.704700
609313,735,11.027600,79.854300
609314,735,10.985450,79.555800
609401,735,11.050000,79.643800
609402,735,11.039100,79.689250
609403,590,10.928250,79.646338
609404,735,11.030667,79.646300
609405,590,10.962900,79.660800
609501,590,10.875287,79.555763
609502,590,10.898700,79.634650
609503,590,10.923600,79.690812
609504,590,10.857367,79.670767
609601,579,10.909000,79.731200
609603,590,10.975850,79.751900
609604,579,10.849400,79.738900
609608,590,10.957500,79.703400
609701,579,10.869233,79.671600
609702,579,10.881400,79.735283
609703,579,10.843400,79.795100
609704,579,10.843200,79.696800
609801,735,10.949614,79.663857
609802,586,10.964600,79.547575
609803,735,10.849400,79.738900
609804,586,11.001625,79.551800
609805,735,11.021200,79.593900
609806,735,11.068600,79.623300
609807,586,11.018933,79.422217
609808,735,10.849400,79.738900
609810,735,10.849400,79.738900
609811,735,10.989900,79.641400
610001,590,10.679700,79.536000
610003,590,10.679700,79.536000
610004,590,10.679700,79.536000
610005,590,10.722125,79.586725
610101,579,10.829691,79.709691
610102,590,10.733300,79.550900
610103,590,10.772400,79.495900
610104,590,10.790700,79.601200
610105,590,10.892320,79.591200
610106,590,10.761880,79.642180
610107,590,10.714933,79.535067
610109,590,10.752500,79.635200
610201,579,10.752250,79.662900
610202,590,10.637400,79.631700
610203,590,10.620043,79.652771
610204,579,10.849400,79.738900
610205,590,10.659833,79.623700
610206,590,10.683567,79.597833
610207,579,10.651900,79.692900
611001,579,10.870600,79.771600
611002,579,10.870625,79.771613
611003,579,10.870600,79.771600
611101,590,10.732740,79.661860
611102,579,10.849400,79.738900
611103,579,10.849400,79.738900
611104,579,10.771017,79.755033
611105,579,10.741100,79.718900
611106,579,10.767100,79.830625
611108,579,10.961114,79.676829
611109,579,10.696100,79.739689
611110,579,10.626500,79.811800
611111,579,10.683300,79.833300
611112,579,10.597000,79.834900
612001,586,10.970600,79.406300
612002,586,10.970600,79.406300
612101,586,11.006814,79.483286
612102,586,10.716050,79.365700
612103,586,10.985800,79.410200
612104,586,10.976300,79.454500
612105,586,11.009700,79.434900
612106,586,11.085150,79.526050
612201,735,10.861550,79.634367
612202,586,10.950660,79.474420
612203,735,10.930933,79.529633
612204,586,10.964960,79.435380
612301,586,10.977280,79.298560
612302,586,10.956933,79.338500
612303,586,10.981000,79.338000
612401,586,10.944260,79.416520
612402,586,10.904000,79.407800
612501,586,10.730067,79.261817
612502,586,11.150000,79.480300
612503,586,10.770483,79.254667
612504,586,11.067714,79.425286
612601,590,10.725175,79.521900
612602,586,10.925000,79.450186
612603,590,10.798380,79.486020
612604,590,10.763729,79.529729
612605,586,10.814950,79.313383
612610,590,10.679700,79.536000
612701,590,10.910200,79.339300
612702,586,10.949900,79.356100
612703,586,10.930000,79.347700
612801,590,10.679700,79.536000
612802,590,10.808100,79.389129
612803,590,10.730688,79.426412
612804,590,10.733780,79.495960
612901,610,11.175500,79.246790
612902,610,11.147800,79.405317
612903,610,11.250658,79.459275
612904,610,11.092918,79.330418
612905,591,10.888900,78.570400
613001,586,10.680775,79.233792
613002,586,10.671600,79.241300
613003,586,10.821829,79.163000
613004,586,10.774075,79.099400
613005,586,10.855300,79.106400
613006,586,10.704925,79.150400
613007,586,10.855300,79.106400
613008,586,10.855300,79.106400
613009,586,10.923500,79.432900
613010,586,10.855300,79.106400
613101,586,10.844286,79.017414
613102,586,10.696633,79.181600
613103,586,10.753100,78.944500
613104,586,10.853417,78.971817
613105,586,10.868100,78.955000
613201,586,10.874000,79.113500
613202,586,10.860900,79.108300
613203,586,10.882180,79.041220
613204,586,10.776691,79.189027
613205,586,10.671600,79.241300
613301,582,10.466721,78.954079
613303,586,10.654200,79.099500
613401,586,10.721100,79.013600
613402,586,10.692300,79.166556
613403,586,10.718980,79.061900
613501,586,10.758100,79.201000
613502,586,10.742300,79.239800
613503,586,10.781700,79.246200
613504,586,10.813200,79.272087
613601,586,10.769200,79.094080
613602,586,10.707490,79.163720
613701,590,10.987000,79.721700
613702,579,10.857500,79.608500
613703,590,10.691013,79.530450
613704,590,10.733500,79.600700
613705,590,10.822075,79.468100
614001,590,10.679700,79.536000
614013,590,10.701200,79.363300
614014,590,10.680414,79.432114
614015,590,10.677675,79.462325
614016,590,10.645500,79.420200
614017,590,10.657033,79.474950
614018,590,10.670791,79.510773
614019,586,10.698557,79.344443
614020,590,10.569500,79.475300
614101,590,10.702611,79.517200
614102,590,10.703100,79.511300
614103,590,10.731600,79.506500
614201,586,10.896700,79.194300
614202,586,10.921000,79.173000
614203,586,10.709429,79.241814
614204,586,10.916300,79.239900
614205,586,10.671600,79.241300
614206,586,10.862100,79.158600
614207,586,10.671600,79.241300
614208,586,10.755667,79.260967
614210,586,10.671600,79.241300
614211,586,10.671600,79.241300
614301,586,10.848900,79.218100
614302,586,10.800483,79.360683
614303,586,10.871725,79.222200
614401,586,10.804000,79.332225
614402,586,10.765617,79.321900
614403,590,10.768680,79.364380
614404,590,10.776980,79.434610
614601,586,10.398600,79.245600
614602,586,10.452406,79.270763
614612,586,10.457400,79.209100
614613,586,10.401789,79.407800
614614,586,10.480487,79.196613
614615,586,10.477680,79.266900
614616,582,10.106194,78.931306
614617,582,10.186950,79.056300
614618,582,10.358600,78.881200
614619,582,10.358600,78.881200
614620,582,10.358600,78.881200
614621,582,10.426350,79.093250
614622,582,10.256087,78.983513
614623,586,10.307575,79.141400
614624,582,10.331086,78.948086
614625,586,10.605592,79.269692
614626,586,10.529900,79.272789
614628,586,10.426100,79.208400
614629,582,10.269443,78.878914
614630,582,10.122800,79.090314
614701,586,10.338500,79.368514
614702,590,10.484150,79.556900
614703,590,10.521000,79.632036
614704,590,10.661064,79.409955
614705,590,10.513286,79.509114
614706,590,10.545200,79.494100
614707,579,10.378886,79.787914
614708,590,10.545200,79.494100
614710,590,10.611067,79.543283
614711,579,10.785580,79.732260
614712,579,10.756500,79.744350
614713,590,10.679700,79.536000
614714,579,10.429200,79.649800
614715,590,10.658580,79.549170
614716,590,10.641680,79.692100
614717,590,10.604113,79.526400
614723,586,10.282000,79.312200
614738,590,10.568200,79.414300
614801,582,10.358600,78.881200
614802,586,10.274400,79.278200
614803,586,10.602433,79.223600
614804,586,10.317042,79.200342
614805,582,10.358600,78.881200
614806,579,10.710650,79.744800
614807,579,10.849400,79.738900
614808,579,10.849400,79.738900
614809,579,10.470500,79.832511
614810,579,10.372100,79.851000
614901,586,10.484714,79.341400
614902,586,10.608829,79.181986
614903,586,10.504125,79.415375
614904,586,10.671600,79.241300
614905,586,10.571500,79.381500
614906,586,10.457120,79.372780
620001,591,10.888900,78.570400
620002,591,10.888900,78.570400
620003,591,10.888900,78.570400
620004,591,10.782300,78.724500
620005,591,10.849000,78.742800
620006,591,10.871100,78.665000
620007,591,10.733900,78.718400
620008,591,10.888900,78.570400
620009,591,10.764286,78.607914
620010,591,10.820900,78.728500
620011,591,10.749800,78.776300
620012,591,10.820200,78.702760
620013,591,10.812100,78.793700
620014,591,10.749800,78.776300
620015,591,10.752500,78.802100
620016,591,10.750500,78.776300
620017,591,10.888900,78.570400
620018,591,10.749800,78.776300
620019,591,10.749800,78.776300
620020,591,10.660500,78.788900
620021,591,10.660500,78.788900
620022,591,10.660500,78.788900
620023,591,10.660500,78.788900
620024,591,10.660500,78.788900
620025,591,10.660500,78.788900
620026,591,10.660500,78.788900
620101,591,10.860700,78.651867
620102,591,10.820200,78.628211
621001,591,11.171700,78.530078
621002,591,11.124185,78.716777
621003,591,11.242100,78.500700
621004,591,11.098100,78.652800
621005,591,11.026900,78.746000
621006,591,10.908957,78.584543
621007,591,11.057900,78.695833
621008,591,11.148667,78.619200
621009,591,11.136500,78.628300
621010,591,11.255400,78.492100
621011,591,10.957425,78.563987
621012,591,11.293800,78.496400
621014,591,11.045100,78.569429
621101,581,11.152260,78.709520
621102,581,11.317533,78.788833
621103,581,11.364700,78.724483
621104,581,11.153810,78.768670
621105,591,11.005729,78.799371
621106,581,11.273300,78.893000
621107,581,11.244760,78.819580
621108,581,11.350775,78.841250
621109,581,11.125814,78.858800
621110,581,11.274400,78.654950
621111,591,10.888900,78.570400
621112,591,10.934000,78.749075
621113,581,11.230467,78.892517
621114,581,11.088500,78.716000
621115,581,11.296250,78.944110
621116,581,11.387900,78.784083
621117,581,11.322073,78.902545
621118,581,11.215280,78.766100
621133,581,11.262400,78.822700
621202,591,10.930500,78.525100
621203,591,10.982780,78.316080
621204,591,10.909075,78.558800
621205,591,10.968063,78.533888
621206,591,11.073187,78.544112
621207,591,11.026582,78.327018
621208,591,11.118638,78.473200
621209,591,10.976400,78.380500
621210,591,11.172629,78.446986
621211,591,10.775611,78.428411
621212,581,11.273300,78.893000
621213,591,10.889250,78.583317
621214,591,11.124622,78.399422
621215,591,10.948073,78.487591
621216,591,11.006300,78.556600
621217,591,10.888900,78.570400
621218,591,10.905414,78.838857
621219,581,11.332700,78.864400
621220,581,11.240831,78.863508
621301,576,10.769590,78.213900
621302,591,10.852650,78.544540
621305,591,10.579620,78.419190
621306,591,10.642020,78.396990
621307,591,10.631936,78.413282
621308,591,10.382010,78.520130
621310,591,10.445700,78.367612
621311,576,10.821836,78.143945
621312,591,10.782575,78.530588
621313,576,10.832473,78.163127
621314,591,10.425878,78.373156
621315,591,10.605764,78.367173
621316,582,10.603869,78.568485
621601,591,11.021600,78.953400
621651,591,11.015780,78.910470
621652,591,11.021600,78.953400
621653,591,11.011550,78.934883
621701,610,11.044893,79.255693
621702,591,10.878817,78.913967
621703,591,10.856337,78.755550
621704,610,11.122380,79.146887
621705,610,11.160500,79.205700
621706,591,10.892783,78.681267
621707,610,11.015511,79.081700
621708,581,11.238292,79.004692
621709,610,11.357000,79.160600
621710,610,11.233710,79.304410
621711,591,10.943611,78.915511
621712,591,10.919475,78.831388
621713,610,11.172423,79.158800
621714,610,11.267733,79.170311
621715,610,10.958964,79.113627
621716,581,11.297744,79.086611
621717,581,11.285825,78.934763
621718,610,11.221800,79.151671
621719,610,11.310600,79.256600
621722,591,10.909500,78.989267
621729,610,11.160500,79.244200
621730,610,11.008700,79.196900
621801,610,11.335500,79.377100
621802,610,11.187800,79.347133
621803,610,11.039867,79.237233
621804,610,11.169794,79.244006
621805,610,11.355300,79.418600
621806,610,11.099329,79.260371
621851,610,10.969900,79.025500
622001,582,10.355900,78.687600
622002,582,10.353909,78.689264
622003,582,10.351283,78.752317
622004,582,10.411525,78.843600
622005,582,10.355900,78.687600
622101,582,10.483571,78.715000
622102,582,10.469220,78.776210
622103,582,10.476100,78.761900
622104,582,10.397500,78.698300
622201,582,10.362929,78.789486
622202,582,10.240171,78.839986
622203,582,10.557350,79.063492
622204,582,10.067017,78.975583
622209,582,10.169080,78.855500
622301,582,10.382400,78.924337
622302,582,10.411058,78.962392
622303,582,10.372311,78.889200
622304,582,10.358644,79.016533
622401,582,10.352867,78.824733
622402,582,10.316360,78.635620
622403,582,10.201600,78.502900
622404,582,10.333800,78.709975
622407,582,10.280300,78.536000
622409,582,10.302025,78.774100
622411,582,10.346800,78.681800
622412,582,10.346800,78.681800
622422,582,10.385967,78.874767
622501,582,10.467783,78.783600
622502,582,10.557142,78.693425
622503,582,10.459900,78.718600
622504,582,10.581278,78.815511
622505,582,10.231275,78.783700
622506,582,10.278520,78.826780
622507,582,10.256180,78.749980
622515,582,10.656400,78.696883
623115,583,9.249544,78.387711
623120,583,9.190100,78.427083
623135,583,9.118075,78.368300
623308,583,9.866100,78.936000
623315,583,9.866100,78.936000
623401,583,9.773567,78.738900
623402,585,9.623850,78.753150
623403,583,9.647400,78.958100
623404,583,9.440100,78.673300
623406,583,9.440100,78.673300
623407,583,9.563917,78.726667
623409,583,9.760375,79.037400
623501,583,9.440100,78.673300
623502,583,9.440100,78.673300
623503,583,9.440100,78.673300
623504,583,9.440100,78.673300
623512,583,9.288100,78.914300
623513,583,9.326100,78.854050
623514,583,9.477600,78.895600
623515,583,9.227167,78.728333
623516,583,9.308100,79.031700
623517,583,9.231800,78.785400
623518,583,9.275700,79.123600
623519,583,9.269100,79.107300
623520,583,9.425300,78.804300
623521,583,9.440100,78.673300
623522,583,9.375600,78.954000
623523,583,9.272600,78.902300
623524,583,9.425300,78.804300
623525,583,9.605589,78.806633
623526,583,9.440100,78.673300
623527,583,9.426885,78.693400
623528,583,9.223500,78.633900
623529,583,9.425300,78.804300
623530,583,9.511340,78.726540
623531,583,9.699200,78.981200
623532,583,9.440100,78.673300
623533,583,9.422267,78.679767
623534,583,9.462300,78.802850
623536,583,9.440100,78.673300
623537,583,9.529900,78.861600
623538,583,9.711214,78.836286
623566,583,9.439400,78.766600
623601,583,9.546200,78.434818
623603,583,9.435017,78.616350
623604,583,9.402867,78.346400
623605,583,9.501600,78.362900
623608,583,9.509330,78.565220
623701,583,9.633718,78.610036
623703,583,9.336109,78.480318
623704,583,9.642809,78.300791
623705,583,9.457060,78.687280
623706,583,9.442844,78.661556
623707,583,9.569600,78.439300
623708,583,9.357100,78.449400
623711,583,9.333420,78.597220
623712,583,9.421188,78.618687
623806,583,9.518600,78.597300
624001,572,10.331500,78.104800
624002,572,10.286518,78.033391
624003,572,10.389800,77.820000
624004,572,10.331500,78.104800
624005,572,10.391900,77.850771
624101,572,10.335435,77.686159
624103,572,10.310585,77.480615
624201,572,10.208200,78.255600
624202,572,10.322000,77.858006
624204,572,10.389800,77.820000
624206,572,10.407500,77.878800
624208,572,10.461200,77.778700
624210,572,10.279300,77.628500
624211,572,10.212300,77.760900
624212,572,10.383025,77.799931
624215,572,10.673311,78.061867
624216,572,10.296175,77.684200
624219,572,10.272200,78.135800
624220,572,10.094100,77.740600
624301,572,10.284800,77.923300
624302,572,10.277100,77.919500
624303,572,10.364233,77.852033
624304,572,10.279650,78.072200
624306,572,10.380618,78.053691
624307,572,10.306133,77.962700
624308,572,10.250500,78.120200
624401,572,10.252200,78.152110
624402,572,10.265583,78.310417
624403,572,10.297780,78.075180
624601,572,10.465600,77.768400
624610,572,10.419000,77.499200
624612,572,10.434900,77.789814
624613,572,10.503087,77.706088
624614,572,10.488008,77.862700
624615,572,10.389800,77.820000
624616,572,10.517238,77.742231
624617,572,10.528700,77.618636
624618,572,10.515612,77.484713
624619,572,10.422294,77.809700
624620,572,10.421718,77.841282
624621,572,10.291620,77.764380
624622,572,10.482710,77.817290
624701,572,10.287600,77.852000
624702,572,10.520167,78.046683
624703,572,10.508757,77.930600
624704,572,10.418467,77.822367
624705,572,10.369875,77.861225
624706,572,10.584087,78.055500
624707,572,10.403260,77.924480
624708,572,10.389800,77.820000
624709,572,10.478680,77.954480
624710,572,10.546407,77.920300
624711,572,10.601900,77.929800
624712,572,10.483725,77.968875
624801,572,10.360217,77.985833
624802,572,10.426400,77.965900
625001,578,9.991900,78.164700
625002,578,9.922387,78.020862
625003,578,9.918100,78.080700
625004,578,9.896100,78.081300
625005,578,9.869367,78.066433
625006,578,9.991900,78.164700
625007,578,9.974175,78.125100
625008,578,9.844400,78.016400
625009,578,9.890811,78.150289
625011,578,9.948500,78.161600
625012,578,9.900000,78.122200
625014,578,9.999600,78.137689
625015,578,9.948500,78.161600
625016,578,9.923400,78.089800
625017,578,9.951020,78.164540
625018,578,9.977200,78.093400
625019,578,9.918000,78.046550
625020,578,9.890509,78.202018
625021,578,9.926600,78.009600
625022,578,9.846700,78.130492
625023,578,9.875100,78.148800
625101,578,10.138833,78.309578
625102,578,10.082620,78.441320
625103,578,9.991645,78.202055
625104,578,9.939350,78.052825
625105,578,10.121233,78.307500
625106,578,10.018800,78.334682
625107,578,9.927200,78.238900
625108,578,10.071525,78.391500
625109,578,10.008588,78.368212
625110,578,9.954900,78.315500
625122,578,9.921000,78.006300
625201,578,9.877125,78.191500
625203,588,9.890200,77.439400
625205,578,9.921000,78.006300
625207,578,9.921000,78.006300
625214,578,10.021600,77.960900
625218,578,10.027980,78.143900
625221,578,9.921000,78.006300
625234,578,9.994029,78.136157
625301,578,10.032900,78.222400
625402,578,9.955383,78.030717
625501,578,9.982255,78.104400
625503,578,10.111214,78.117414
625512,588,10.041500,77.524400
625513,588,9.890200,77.439400
625514,578,9.927727,78.019018
625515,588,9.857191,77.377900
625516,588,9.736500,77.284700
625517,588,9.963000,77.570400
625518,588,9.678300,77.249500
625519,588,9.890200,77.439400
625520,588,9.891400,77.458480
625521,588,9.883000,77.404300
625522,588,9.847500,77.296000
625523,588,9.811200,77.412300
625524,588,9.865800,77.295225
625525,588,9.883000,77.404300
625526,588,9.788500,77.344300
625527,578,9.906745,77.970900
625528,588,9.947967,77.369933
625529,578,9.921000,78.006300
625530,588,9.910614,77.321457
625531,588,10.015870,77.482430
625532,578,9.939042,78.036483
625533,588,9.807000,77.327200
625534,588,9.926733,77.468978
625535,578,9.833700,77.678691
625536,588,10.006900,77.645100
625537,578,10.023300,78.328575
625540,588,9.828575,77.435175
625556,588,9.890200,77.439400
625562,588,9.919450,77.473600
625579,588,9.890200,77.439400
625582,588,9.914982,77.420182
625601,588,9.890200,77.439400
625602,588,10.023086,77.467114
625603,588,9.901233,77.514733
625604,588,10.119700,77.608900
625605,588,9.945000,77.434950
625701,578,9.871700,78.030250
625702,578,9.892445,77.968655
625703,578,9.895756,77.794622
625704,578,9.921000,78.006300
625705,578,9.833670,77.833410
625706,578,9.911626,78.019670
625707,578,9.754400,77.970100
625708,578,9.754400,77.970100
626001,597,9.484100,77.942700
626002,597,9.484100,77.942700
626003,597,9.484100,77.942700
626004,597,9.482500,78.005300
626005,597,9.484100,77.942700
626101,597,9.528700,78.132100
626102,597,9.482500,78.005300
626103,597,9.484100,77.942700
626104,597,9.630700,78.097100
626105,597,9.501620,78.147380
626106,597,9.661388,78.159900
626107,597,9.528700,78.132100
626108,597,9.484100,77.942700
626109,597,9.528700,78.132100
626110,597,9.443000,77.838900
626111,597,9.411625,77.558625
626112,597,9.443000,77.838900
626113,597,9.443000,77.838900
626114,597,9.330300,78.291400
626115,597,9.740300,78.100700
626116,597,9.443000,77.838900
626117,597,9.443000,77.838900
626118,597,9.422400,78.219000
626119,597,9.373300,77.585300
626121,597,9.395767,77.470300
626122,597,9.393500,77.493500
626123,597,9.486700,77.877800
626124,597,9.513713,77.811450
626125,597,9.512700,77.633700
626126,597,9.486700,77.877800
626127,597,9.500950,77.942000
626128,597,9.486700,77.877800
626129,597,9.465740,78.140130
626130,597,9.472100,77.840900
626131,597,9.355217,77.746817
626132,597,9.636400,77.638800
626133,597,9.637833,77.600967
626134,597,9.413500,78.054600
626135,597,9.450500,77.788100
626136,597,9.348400,77.628400
626137,597,9.450500,77.788100
626138,597,9.537229,78.020557
626139,597,9.367933,77.573133
626140,733,9.539267,77.983967
626141,597,9.450800,77.635800
626142,597,9.473683,77.881200
626149,597,9.627217,77.703417
626161,597,9.466700,77.863800
626188,597,9.292700,77.765700
626189,597,9.356637,77.812650
626201,597,9.451750,77.833050
626202,597,9.432857,77.964671
626203,597,9.533300,77.955225
626204,597,9.484100,77.942700
626205,597,9.519817,78.083583
626607,597,9.658814,78.272986
626612,597,9.591800,78.349700
627001,592,8.798700,77.542000
627002,592,8.798700,77.542000
627003,592,8.798700,77.542000
627004,592,8.761150,77.602250
627005,592,8.700800,77.706600
627006,592,8.798700,77.542000
627007,592,8.798700,77.542000
627008,592,8.798700,77.542000
627009,592,8.798700,77.542000
627010,592,8.738117,77.587150
627011,592,8.687400,77.800800
627012,592,8.768100,77.626700
627101,592,8.700075,77.564600
627102,592,8.455300,77.586900
627103,592,8.454200,77.605867
627104,592,8.177200,77.743100
627105,592,8.385400,77.577800
627106,592,8.798700,77.542000
627107,592,8.430900,77.671400
627108,592,8.653236,77.600700
627109,592,8.798700,77.542000
627110,592,8.425525,77.738150
627111,592,8.323500,77.660014
627112,592,8.349000,77.679700
627113,592,8.403700,77.687100
627114,592,8.206800,77.601400
627115,592,8.436500,77.565700
627116,592,8.238300,77.641200
627117,592,8.616200,77.621588
627118,592,8.446700,77.830800
627119,592,8.403700,77.687100
627120,592,8.798700,77.542000
627127,592,8.148500,77.595200
627133,592,8.279200,77.603100
627151,592,8.599800,77.734800
627152,592,8.584487,77.678100
627201,592,8.869660,77.645570
627202,733,8.849033,77.539333
627351,592,8.758600,77.812600
627352,592,8.770400,77.705414
627353,592,8.738000,77.746000
627354,592,8.534020,77.747300
627355,592,8.436720,77.736020
627356,592,8.683650,77.693875
627357,592,8.780900,77.719000
627358,592,9.061700,77.697400
627359,592,8.821100,77.717900
627401,592,8.835900,77.598100
627412,733,8.997400,77.641000
627413,733,8.997400,77.641000
627414,592,8.642000,77.577825
627415,733,8.801800,77.517843
627416,592,8.697878,77.499078
627417,592,8.679400,77.553300
627418,733,8.997400,77.641000
627420,592,8.674700,77.543900
627421,592,8.680500,77.428500
627422,592,8.674700,77.543900
627423,733,8.863714,77.589914
627424,733,8.674700,77.543900
627425,592,8.476600,77.489600
627426,592,8.612133,77.522400
627427,592,8.674700,77.543900
627428,592,8.674700,77.543900
627451,592,8.674700,77.637900
627452,592,8.673600,77.611200
627453,592,8.672600,77.584500
627501,592,8.514214,77.560086
627502,592,8.565420,77.588180
627601,592,8.746875,77.527400
627602,733,8.772040,77.526980
627603,592,8.914400,77.674800
627604,592,8.700400,77.653500
627651,592,8.320200,77.938400
627652,592,8.395900,77.842275
627654,592,8.353133,77.755767
627657,592,8.487280,77.718280
627713,733,9.239700,77.726800
627719,733,9.080375,77.599925
627751,733,8.938460,77.443690
627753,733,8.916486,77.549379
627754,733,8.991200,77.493990
627755,733,8.838989,77.536722
627756,733,8.798700,77.542000
627757,733,9.193262,77.486950
627758,733,9.162700,77.558420
627759,733,8.798700,77.542000
627760,733,9.266700,77.443500
627761,733,9.029300,77.512275
627764,733,9.303700,77.447500
627802,733,8.930300,77.269500
627803,733,8.991400,77.294600
627804,733,9.315800,77.680300
627805,733,8.798700,77.542000
627806,733,9.315800,77.680300
627807,733,9.021400,77.250200
627808,733,8.865200,77.366600
627809,733,8.762900,77.549000
627811,733,8.798700,77.542000
627812,733,8.909267,77.592800
627813,733,8.881625,77.580100
627814,733,8.798700,77.542000
627818,733,8.798700,77.542000
627851,733,9.058433,77.623133
627852,733,9.003200,77.344900
627853,733,8.929800,77.619680
627854,733,9.052640,77.678620
627855,733,9.118080,77.519280
627856,733,9.033600,77.388000
627857,733,8.976414,77.804371
627858,733,9.087800,77.688100
627859,733,8.991800,77.436200
627860,733,8.798700,77.542000
627861,733,8.798700,77.542000
627862,733,8.798700,77.542000
627951,733,8.961900,77.635600
627953,733,8.961900,77.635600
628001,594,8.408300,78.059100
628002,594,8.748100,78.033300
628003,594,8.578200,78.046200
628004,594,8.578200,78.046200
628005,594,8.578200,78.046200
628006,594,8.578200,78.046200
628007,594,8.578200,78.046200
628008,594,8.578200,78.046200
628101,594,8.890800,78.004400
628102,594,8.721100,77.993500
628103,594,8.890800,78.004400
628104,594,8.890800,78.004400
628105,594,9.513900,78.308000
628151,594,8.859025,78.013275
628152,594,8.658200,78.073700
628201,594,8.552180,78.060120
628202,594,8.568980,78.098100
628203,594,8.429187,78.028588
628204,594,8.571400,78.119900
628205,594,8.494200,78.068600
628206,594,8.398800,78.052000
628207,594,8.587600,78.049700
628208,594,8.509800,78.064100
628209,594,8.377300,78.056300
628210,594,8.670013,78.065300
628211,594,8.578500,78.031700
628212,594,8.599900,78.069500
628213,594,8.478500,78.046500
628215,594,8.599900,78.069500
628216,594,8.599900,78.069500
628217,594,8.406200,77.973400
628218,594,8.537200,78.056800
628219,594,8.469200,78.038800
628229,594,8.563900,78.046900
628251,594,8.609800,78.000475
628252,594,8.706400,77.821700
628301,594,8.885983,78.001267
628302,594,8.900000,77.939200
628303,594,8.828083,77.863983
628304,594,8.925400,77.879933
628401,594,8.893583,78.007283
628402,594,9.027760,77.835460
628501,594,8.890800,78.004400
628502,594,8.871064,77.905314
628503,594,8.890800,78.004400
628552,733,8.926318,77.792473
628601,594,8.576800,77.876900
628612,594,8.595700,77.959000
628613,594,8.512113,77.879388
628614,594,8.545000,77.866400
628615,594,8.640500,77.851700
628616,594,8.545000,77.866400
628617,594,8.574225,77.910825
628618,594,8.545000,77.866400
628619,594,8.659900,77.865480
628620,594,8.641700,77.946800
628621,594,9.167500,77.738200
628622,594,8.575500,77.811100
628623,594,8.617700,77.995900
628653,594,8.420488,77.948000
628656,594,8.420500,77.948000
628701,594,8.611500,77.921767
628702,594,8.426886,77.947986
628703,594,8.454614,77.999314
628704,594,8.666160,77.939630
628712,594,9.048100,78.095083
628714,594,9.001380,77.857750
628716,594,8.940225,77.955550
628718,594,9.031960,77.916500
628720,594,8.924867,77.989850
628721,594,8.848014,78.010786
628722,594,8.929900,78.087200
628751,594,8.653000,77.997500
628752,594,8.641300,77.998500
628753,594,8.649100,77.997800
628801,594,8.632667,78.040400
628802,594,8.651100,78.051800
628809,594,8.789367,77.889700
628851,594,8.772050,77.948817
628901,594,9.090800,78.291275
628902,594,8.976467,78.020142
628903,594,9.023900,78.246700
628904,594,8.974125,78.038900
628905,594,9.322420,78.120710
628906,594,9.081500,78.363300
628907,594,9.181589,78.181111
628908,594,9.181333,78.090533
628952,594,9.326600,78.133600
629001,575,8.170992,77.498200
629002,575,8.163175,77.431900
629003,575,8.167100,77.465000
629004,575,8.167100,77.465000
629101,575,8.439300,77.331300
629102,575,8.439300,77.331300
629151,575,8.370725,77.232775
629152,575,8.306900,77.361400
629153,575,8.306900,77.361400
629154,575,8.306900,77.361400
629155,575,8.306900,77.361400
629156,575,8.306900,77.361400
629157,575,8.306900,77.361400
629158,575,8.306900,77.361400
629159,575,8.197200,77.235800
629160,575,8.309900,77.256800
629161,575,8.358082,77.303582
629162,575,8.309900,77.256800
629163,575,8.317900,77.191900
629164,575,8.292200,77.321500
629165,575,8.308100,77.221400
629166,575,8.309900,77.256800
629167,575,8.309900,77.256800
629168,575,8.309900,77.256800
629169,575,8.268300,77.251300
629170,575,8.340300,77.345200
629171,575,8.340300,77.345200
629172,575,8.340300,77.345200
629173,575,8.340300,77.345200
629174,575,8.340300,77.345200
629175,575,8.334000,77.408920
629176,575,8.340300,77.345200
629177,575,8.324700,77.272617
629178,575,8.340300,77.345200
629179,575,8.340300,77.345200
629180,575,8.221525,77.361075
629193,575,8.439300,77.331300
629201,575,8.125600,77.320300
629202,575,8.125600,77.320300
629203,575,8.125600,77.320300
629204,575,8.216250,77.340850
629251,575,8.179400,77.258200
629252,575,8.147800,77.305500
629301,575,8.176900,77.504700
629302,575,8.212300,77.474875
629401,575,8.153120,77.568300
629402,575,8.172100,77.503700
629403,575,8.149350,77.500650
629501,575,8.115000,77.410000
629502,575,8.217750,77.363600
629601,575,8.099100,77.434400
629602,575,8.099100,77.434400
629701,575,8.154600,77.493000
629702,575,8.141160,77.505180
629703,575,8.208100,77.450300
629704,575,8.173300,77.475212
629801,575,8.236967,77.351733
629802,575,8.202000,77.346900
629803,575,8.202000,77.346900
629804,575,8.202000,77.346900
629809,575,8.202050,77.346850
629810,575,8.206800,77.328100
629851,575,8.311310,77.426200
629852,575,8.311300,77.426200
629901,575,8.231000,77.433100
630001,585,10.058200,78.764500
630002,585,10.080100,78.778200
630003,585,9.915100,78.598700
630005,585,9.915100,78.598700
630101,585,10.140300,78.664800
630102,585,10.120000,78.793800
630103,585,10.172100,78.779400
630104,585,10.103700,78.825400
630105,585,10.185600,78.804400
630106,585,10.109600,78.795600
630107,585,10.146100,78.803100
630108,585,10.034363,78.808688
630201,585,9.982000,78.693400
630202,585,9.884933,78.724500
630203,585,10.206700,78.594400
630204,585,9.968850,78.693100
630205,585,9.982000,78.693400
630206,585,9.948550,78.646050
630207,585,10.078300,78.668800
630208,585,10.135600,78.723900
630210,585,10.086400,78.578300
630211,585,10.037214,78.584279
630212,585,10.160775,78.636600
630301,585,10.163900,78.587700
630302,585,10.163900,78.587700
630303,585,9.918733,78.617322
630305,585,9.990575,78.687287
630306,585,10.163900,78.587700
630307,585,10.061280,78.718920
630309,585,10.169680,78.493200
630311,585,9.917400,78.774600
630312,585,9.676800,78.784720
630313,585,9.998900,78.631700
630314,585,9.975200,78.825400
630321,585,10.093900,78.643900
630405,585,10.243417,78.588383
630408,585,9.832900,78.820500
630410,585,10.305513,78.492788
630411,585,9.815900,78.727000
630501,585,9.955167,78.580650
630502,585,10.216083,78.423783
630551,585,9.855500,78.500900
630552,585,9.855500,78.500900
630553,585,10.003520,78.505100
630554,585,9.744571,78.550129
630555,585,9.837800,78.550200
630556,585,9.896840,78.560780
630557,585,9.928525,78.527850
630558,585,9.953900,78.578950
630559,585,9.804200,78.377100
630561,585,9.915100,78.598700
630562,585,9.907790,78.535790
630566,585,10.045600,78.487800
630602,585,9.828200,78.286000
630606,585,9.828200,78.286000
630609,585,9.824518,78.322273
630610,585,9.902911,78.569744
630611,585,9.813383,78.258383
630612,585,9.915100,78.598700
630702,585,9.723880,78.656600
630709,585,9.709738,78.606488
630710,585,9.871871,78.608557
630713,585,9.702200,78.724483
631001,731,13.063300,79.645000
631002,731,13.039314,79.637086
631003,731,13.071854,79.596769
631004,731,13.094683,79.692033
631005,731,13.063300,79.645000
631006,731,13.063300,79.645000
631051,731,12.866633,79.229656
631052,731,12.932600,79.565588
631101,731,13.093900,79.578900
631102,731,13.036221,79.402171
631151,731,13.031500,79.752986
631152,731,13.031500,79.753000
631201,589,13.243100,79.940000
631202,589,13.183038,79.506725
631203,589,13.114610,79.860520
631204,589,13.228422,79.866000
631205,589,13.160709,79.536891
631206,589,13.227900,79.515600
631207,589,13.251058,79.898742
631208,589,13.274479,79.526879
631209,589,13.197085,79.605015
631210,589,13.131708,79.783769
631211,589,13.098900,79.723300
631212,589,13.098900,79.723300
631213,589,13.234567,79.712400
631301,589,13.169783,79.478500
631302,589,13.120700,79.362192
631303,589,13.142600,79.457700
631304,589,13.183800,79.442200
631402,574,12.829167,79.922750
631501,574,12.620700,79.651300
631502,574,12.730773,79.701780
631551,574,12.870880,79.639300
631552,574,12.913000,79.729420
631553,574,12.849000,79.846022
631561,574,12.846100,79.769471
631601,574,12.695200,79.947900
631603,574,12.724387,79.786513
631604,574,12.743583,79.848567
631605,574,12.744725,79.885288
631606,574,12.752500,79.857320
631701,593,12.480360,79.270860
631702,593,12.563486,79.398086
632001,595,12.777900,79.135300
632002,595,12.811278,79.051800
632004,595,12.777900,79.135300
632006,595,12.777900,79.135300
632007,595,12.914300,79.017700
632008,595,12.777900,79.135300
632009,595,12.848500,78.870500
632010,595,13.031800,79.258600
632011,595,13.031800,79.258600
632012,595,13.031800,79.258600
632013,595,13.031800,79.258600
632014,595,13.031800,79.258600
632055,595,12.812300,79.010400
632057,595,12.812300,79.010400
632058,595,12.812300,79.010400
632059,595,12.812300,79.010400
632101,595,12.825073,78.997473
632102,595,12.726664,79.032009
632103,595,12.574327,78.664673
632104,595,12.812300,79.010400
632105,595,12.686425,78.884563
632106,595,12.986213,79.031600
632107,595,12.776000,78.856400
632113,595,12.812300,79.010400
632114,595,12.812300,79.010400
632115,595,12.812300,79.010400
632201,595,12.935100,79.186500
632202,595,12.913927,79.191373
632203,595,12.935100,79.186500
632204,595,12.935100,79.186500
632209,595,12.964800,78.965914
632301,593,12.634900,79.311200
632311,593,12.690900,79.120300
632312,595,12.770625,79.078025
632313,593,12.540600,79.359617
632314,593,12.713700,79.225800
632315,593,12.654033,79.270256
632316,593,12.599443,79.287871
632317,593,12.575133,79.326822
632318,731,12.679000,79.397200
632319,595,12.687675,79.180075
632326,593,12.509275,79.411000
632401,731,12.934000,79.335000
632403,731,12.947400,79.317000
632404,731,12.945480,79.314520
632405,731,12.970700,79.311600
632406,731,12.947400,79.317000
632501,731,12.988910,79.411320
632502,731,13.011988,79.560012
632503,731,12.873613,79.351000
632504,731,12.761200,79.308700
632505,731,12.997188,79.414663
632506,731,12.797977,79.223600
632507,731,12.804457,79.113314
632508,731,12.932700,79.507389
632509,731,12.896517,79.271800
632510,731,13.087917,79.534717
632511,731,12.832880,79.334430
632512,731,12.705960,79.333120
632513,731,12.907590,79.376290
632514,731,13.053025,79.272125
632515,731,12.982500,79.266100
632516,731,13.071800,79.226400
632517,731,12.852933,79.092750
632518,731,12.792575,79.110075
632519,595,12.986500,79.250500
632520,731,13.027029,79.240300
632521,731,12.569050,78.917325
632531,731,12.780640,79.136440
632601,595,12.887270,78.807220
632602,595,12.841700,78.858200
632603,595,12.794800,79.316600
632604,595,12.844900,78.890900
635001,577,12.575800,78.251200
635002,577,12.575790,78.251190
635101,577,12.462380,78.208620
635102,577,12.346737,77.780412
635103,577,12.848800,77.870800
635104,577,12.603900,78.287300
635105,577,12.799786,77.971900
635106,577,12.392300,78.181300
635107,577,12.491685,77.771215
635108,577,12.582500,78.244614
635109,577,12.613300,77.966700
635110,577,12.634371,77.789986
635111,577,12.416971,78.106500
635112,577,12.468114,78.099871
635113,577,12.603100,77.867375
635114,577,12.612600,77.748700
635115,577,12.580700,78.122082
635116,577,12.437983,78.182967
635117,577,12.697020,78.011790
635118,577,12.643800,77.677791
635119,577,12.622083,77.929517
635120,577,12.608189,78.282478
635121,577,12.657262,78.142194
635122,577,12.481800,78.122200
635123,577,12.296914,78.293000
635124,577,12.578600,78.185100
635126,577,12.787900,77.801900
635130,577,12.714817,77.928500
635201,571,12.124783,78.216883
635202,571,12.161793,78.181750
635203,577,12.461787,78.143194
635204,577,12.330022,78.314022
635205,571,12.222017,78.182875
635206,577,12.392656,78.355489
635207,577,12.410175,78.220025
635301,571,11.999300,78.267800
635302,571,12.126600,78.311413
635303,571,12.087400,78.282212
635304,577,12.261600,78.375500
635305,571,12.080323,78.204738
635306,577,12.489000,78.032700
635307,577,12.310767,78.492175
635601,732,12.445300,78.614600
635602,732,12.490675,78.620367
635651,732,12.546436,78.598955
635652,732,12.656100,78.852863
635653,732,12.519773,78.693300
635654,732,12.744683,78.917767
635655,732,12.484447,78.797200
635701,732,12.644200,78.779412
635702,732,12.526300,78.676000
635703,593,12.581494,78.912350
635710,732,12.779380,79.005600
635751,732,12.684083,78.620692
635752,732,12.643500,78.650400
635754,732,12.805071,78.985357
635801,732,12.654080,78.695870
635802,732,12.771800,78.923475
635803,595,12.927300,78.921400
635804,732,12.918033,79.086767
635805,595,12.866067,78.779517
635806,595,12.918383,78.852917
635807,732,12.739250,78.683250
635808,732,12.783275,78.938475
635809,595,12.893300,78.929914
635810,595,12.918800,78.803109
635811,732,13.008700,79.027100
635812,732,12.849200,78.800700
635813,595,12.871200,78.967780
635814,732,12.812300,79.010400
635815,732,12.824700,78.912100
635851,732,12.596978,78.635644
635852,732,12.629843,78.559271
635853,732,12.788514,78.955414
635854,732,12.776067,78.919033
635901,732,12.588720,78.586590
636001,584,11.674100,78.222100
636002,584,11.674100,78.222100
636003,584,11.658300,78.183400
636004,584,11.675500,78.139500
636005,584,11.674100,78.222100
636006,584,11.668833,78.211067
636007,584,11.672933,78.210467
636008,584,11.674100,78.222100
636009,584,11.674100,78.222100
636010,584,11.744122,78.196967
636011,584,11.752700,78.289900
636012,584,11.681250,78.200483
636013,584,11.671400,78.012600
636014,584,11.674100,78.222100
636015,584,11.752700,78.289900
636016,584,11.752700,78.289900
636017,584,11.752700,78.289900
636030,584,11.573200,78.195500
636101,584,11.642843,78.385300
636102,584,11.674100,78.222100
636103,584,11.692200,78.260000
636104,584,11.673736,78.436745
636105,584,11.470800,78.631270
636106,584,11.611943,78.354843
636107,584,11.580129,78.472400
636108,584,11.557800,78.546500
636109,584,11.647000,78.311600
636110,584,11.570680,78.342960
636111,584,11.674100,78.222100
636112,584,11.653027,78.587564
636113,584,11.641850,78.245125
636114,584,11.701433,78.315933
636115,584,11.639608,78.410500
636116,584,11.487322,78.746689
636117,584,11.697780,78.464820
636118,584,11.393050,78.297600
636119,584,11.674100,78.222100
636121,584,11.580513,78.697400
636122,584,11.622278,78.214867
636138,584,11.674100,78.222100
636139,584,11.734200,78.328020
636140,584,11.674100,78.222100
636141,584,11.564586,78.612800
636142,580,11.435567,78.164767
636201,584,11.674100,78.222100
636202,580,11.393731,78.113238
636203,584,11.674100,78.222100
636204,584,11.652880,78.217960
636301,580,11.500600,78.135600
636302,584,11.661400,78.083400
636303,584,11.878707,77.765393
636304,584,11.702100,78.057000
636305,584,11.859300,78.021700
636306,584,11.653300,77.907900
636307,584,11.664412,78.176625
636308,584,11.590700,78.083200
636309,584,11.704533,78.052667
636351,584,11.786689,78.212311
636352,571,11.906800,77.994500
636354,584,11.861800,78.128200
636401,584,11.821900,77.860100
636402,584,11.821900,77.860100
636403,584,11.821900,77.860100
636404,584,11.821900,77.860100
636406,584,11.821900,77.860100
636451,584,11.833700,77.969100
636452,584,11.674100,78.222100
636453,584,11.772686,77.963300
636454,584,11.703367,78.111700
636455,584,11.715612,78.134650
636456,584,11.674100,78.222100
636457,584,11.750000,77.880100
636458,584,11.808200,77.904100
636501,584,11.696220,77.873700
636502,584,11.702786,77.957986
636503,584,11.683887,78.191325
636601,584,11.717042,78.224967
636602,584,11.830900,78.209110
636701,571,12.158800,78.163600
636704,571,12.140014,78.184886
636705,571,12.096900,78.195800
636803,571,12.066933,78.025756
636804,571,12.061500,78.159729
636805,571,12.404000,78.058288
636806,571,12.380414,78.009614
636807,571,12.053708,78.091708
636808,571,12.173406,78.147335
636809,571,12.202291,78.058418
636810,571,12.082700,77.919792
636811,571,12.000880,77.945700
636812,571,12.078200,77.942200
636813,571,12.129500,77.973118
636902,571,12.175638,78.415550
636903,571,12.093722,78.272778
636904,571,11.996300,78.392480
636905,571,12.020893,78.226429
636906,571,11.951229,78.502682
637001,580,11.156100,78.190500
637002,580,11.168360,78.199610
637003,580,11.235900,78.129400
637013,580,11.262950,78.185890
637014,580,11.353400,78.173900
637015,580,11.078014,78.135514
637017,580,11.248433,78.132867
637018,580,11.320544,78.128578
637019,580,11.228622,78.122344
637020,580,11.202562,78.174087
637021,580,11.294900,78.327520
637101,580,11.465000,78.075864
637102,580,11.476577,78.072562
637103,584,11.519613,77.977200
637104,580,11.405750,78.157600
637105,584,11.465633,78.006850
637107,580,11.405750,78.157600
637201,580,11.300775,77.953788
637202,580,11.405600,78.018000
637203,580,11.236600,77.976586
637204,580,11.140300,77.970900
637205,580,11.334350,78.088125
637206,580,11.199400,77.998583
637207,580,11.174600,78.074200
637208,580,11.295360,78.176340
637209,580,11.387287,77.797200
637210,580,11.306533,78.089283
637211,580,11.330500,77.953500
637212,580,11.305736,78.198227
637213,580,11.316300,78.136100
637214,580,11.316300,78.136100
637215,580,11.330500,77.953500
637301,584,11.502814,78.117329
637302,580,11.429550,77.969767
637303,584,11.562250,78.096500
637304,580,11.466133,78.000133
637401,580,11.448800,78.141300
637402,580,11.386300,78.254000
637403,580,11.423200,78.142671
637404,580,11.399700,78.136800
637405,580,11.254157,78.187100
637406,580,11.339300,78.138100
637407,580,11.521117,78.130833
637408,580,11.429187,78.103988
637409,580,11.289500,78.232700
637410,580,11.409963,78.073788
637411,580,11.325185,78.193615
637412,580,11.403180,78.208800
637501,584,11.675371,78.151629
637502,584,11.655443,78.153829
637503,580,11.365630,78.109480
637504,584,11.656317,78.186917
637505,580,11.362500,78.122012
638001,573,11.515200,77.414300
638002,573,11.345800,77.623580
638003,573,11.515200,77.414300
638004,573,11.515200,77.414300
638005,573,11.515200,77.414300
638006,580,11.365200,77.762300
638007,580,11.380400,77.662033
638008,580,11.399800,77.759588
638009,573,11.327300,77.711200
638010,573,11.310300,77.721100
638011,573,11.310300,77.721100
638012,573,11.310300,77.721100
638051,634,11.259491,77.669809
638052,573,11.250100,77.584600
638053,573,11.288200,77.684200
638054,573,11.363500,77.460000
638055,573,11.327240,77.481480
638056,634,11.456689,77.437311
638057,573,11.342900,77.537200
638060,573,11.310300,77.721100
638101,573,11.151800,77.737500
638102,573,11.394600,77.658800
638103,634,11.322990,77.282690
638104,573,11.480744,77.459256
638105,634,11.515200,77.414300
638106,634,11.492665,77.433135
638107,573,11.329850,77.633200
638108,634,11.448317,77.452883
638109,573,11.134000,77.786600
638110,634,11.131000,77.814000
638111,634,11.515200,77.414300
638112,573,11.253300,77.656300
638115,573,11.231000,77.718200
638116,573,11.131000,77.814000
638151,573,11.311727,77.630664
638152,573,11.127800,77.869600
638153,573,11.515200,77.414300
638154,573,11.202875,77.856525
638181,580,11.316300,78.136100
638182,580,11.286586,78.116814
638183,580,11.337733,78.065250
638301,573,11.532200,77.611400
638311,573,11.621000,77.743200
638312,573,11.471312,77.637200
638313,573,11.491000,77.515500
638314,573,11.567755,77.618745
638315,573,11.459844,77.412378
638316,573,11.532200,77.611400
638401,573,11.558900,77.267900
638402,573,11.420727,77.407091
638451,573,11.490200,77.126900
638452,573,11.346700,77.383100
638453,573,11.406200,77.401800
638454,573,11.421783,77.269383
638455,573,11.427900,77.560100
638456,573,11.379100,77.429300
638457,573,11.420400,77.348200
638458,634,11.294157,77.285114
638459,634,11.492236,77.424571
638460,634,11.642500,77.026400
638461,573,11.733393,76.944093
638462,634,11.228214,77.188243
638476,573,11.413300,77.355300
638501,573,11.676900,77.576109
638502,573,11.539800,77.529217
638503,573,11.637800,77.292600
638504,573,11.672083,77.679500
638505,573,11.515200,77.414300
638506,573,11.500183,77.372200
638656,634,11.515200,77.414300
638657,634,11.489671,77.421764
638660,634,11.515200,77.414300
638661,634,11.515200,77.414300
638672,634,11.515200,77.414300
638673,634,11.515200,77.414300
638701,634,11.515200,77.414300
638702,634,11.515200,77.414300
638703,634,11.017000,77.741000
638706,634,11.515200,77.414300
638751,634,11.515200,77.414300
638752,634,11.515200,77.414300
638812,634,11.269000,77.651900
639001,576,10.843000,78.133100
639002,576,10.942214,78.001786
639003,576,10.909800,78.046414
639004,576,11.019000,78.134000
639005,576,10.829800,78.067300
639006,576,10.888775,78.115775
639007,576,10.911200,78.109100
639008,576,10.843000,78.133100
639101,591,10.863433,78.611400
639102,576,10.918850,78.189275
639103,591,10.870860,78.565000
639104,576,10.948200,78.376900
639105,576,10.854870,78.191650
639107,576,10.846800,78.378843
639108,576,10.929633,78.224617
639109,576,10.824025,77.964000
639110,576,10.832809,78.447455
639111,576,10.942700,77.919422
639112,591,10.888900,78.570400
639113,576,11.074200,78.085200
639114,576,10.933550,78.147087
639115,591,10.882000,78.559075
639116,576,11.022075,78.121000
639117,576,11.064480,77.973180
639118,576,10.854300,78.156886
639119,576,10.760478,77.993989
639120,576,10.822136,78.367791
639136,576,11.025775,77.991025
639201,634,10.989500,77.771545
639202,634,11.170536,77.649745
639203,576,10.622120,77.951600
639205,576,10.737820,77.956970
639206,576,10.881410,77.849000
639207,576,10.830264,78.114845
641001,569,10.923220,76.968600
641002,569,10.874500,76.975600
641003,569,10.874500,76.975600
641004,569,11.026600,77.000400
641005,569,10.999000,77.032400
641006,569,10.891100,77.033100
641007,569,10.874500,76.975600
641008,569,10.911700,76.971667
641009,569,10.874500,76.975600
641010,569,10.963983,76.878817
641011,569,11.017900,76.969300
641012,569,11.026500,76.959200
641013,569,11.017900,76.969300
641014,569,11.017900,76.969300
641015,569,11.017900,76.969300
641016,569,11.047580,77.080800
641017,569,11.082300,76.916400
641018,569,11.017900,76.969300
641019,569,11.017900,76.969300
641020,569,11.152600,76.951600
641021,569,11.076600,76.971000
641022,569,11.118400,76.969000
641023,569,10.958800,76.992400
641024,569,11.076600,76.971000
641025,569,11.076600,76.971000
641026,569,11.076600,76.971000
641027,569,11.076600,76.971000
641028,569,11.076600,76.971000
641029,569,11.076600,76.971000
641030,569,10.874500,76.975600
641031,569,11.117300,76.936300
641032,569,10.842300,77.007900
641033,569,10.874500,76.975600
641034,569,11.081600,76.944600
641035,569,10.940167,76.989500
641036,569,11.117300,77.048800
641037,569,10.874500,76.975600
641038,569,10.874500,76.975600
641039,569,10.874500,76.975600
641040,569,10.911100,77.041500
641041,569,10.880000,77.153900
641042,569,10.942100,76.929000
641043,569,10.911100,77.041500
641044,569,10.911100,77.041500
641045,569,10.911100,77.041500
641046,569,10.911100,77.041500
641047,569,10.911100,77.041500
641048,569,10.911100,77.041500
641049,569,10.911100,77.041500
641050,569,11.005100,77.095600
641062,569,11.012875,77.056750
641101,569,10.887617,76.944667
641103,569,11.017800,77.062900
641104,569,11.245600,76.948211
641105,569,10.905700,76.963400
641107,569,10.895591,76.954873
641108,569,11.116200,76.754900
641109,569,10.926389,76.851522
641110,569,11.162300,76.997300
641111,569,10.977500,77.026000
641112,569,10.891100,76.908700
641113,569,10.976417,76.931683
641114,569,10.956200,76.759400
641201,569,10.906625,77.055825
641202,569,10.834400,77.088425
641301,569,10.874500,76.975600
641302,569,11.321400,77.005200
641305,569,10.957760,76.965300
641401,634,10.874500,76.975600
641402,569,11.024300,77.125700
641407,569,11.086600,77.114600
641601,634,10.874500,76.975600
641602,634,10.874500,76.975600
641603,634,10.874500,76.975600
641604,634,10.896157,77.050386
641605,634,11.355025,77.304625
641606,634,10.855943,77.148743
641607,634,11.034675,77.085275
641652,634,10.874500,76.975600
641653,569,10.931157,76.986771
641654,634,10.883769,76.984425
641655,634,10.874500,76.975600
641658,634,10.916012,77.107888
641659,569,11.176187,77.124800
641662,634,10.874500,76.975600
641663,634,10.874500,76.975600
641664,634,10.895754,76.981777
641665,634,10.874500,76.975600
641666,634,10.874500,76.975600
641667,634,10.874500,76.975600
641668,569,11.084500,77.189100
641669,569,10.904611,77.017089
641670,634,11.051240,77.100280
641671,634,10.871940,77.002770
641687,634,10.874500,76.975600
641697,569,10.874500,76.975600
642001,569,10.649800,77.000000
642002,569,10.681900,76.996514
642003,569,10.642633,77.064700
642004,569,10.623700,76.963100
642005,569,10.690300,76.907500
642006,569,10.649800,77.000000
642007,569,10.649800,77.000000
642101,569,10.874500,76.975600
642102,634,10.874500,76.975600
642103,569,10.874500,76.975600
642104,569,10.583000,76.934400
642105,569,10.874500,76.975600
642106,569,10.874500,76.975600
642107,569,10.618220,77.134080
642108,569,10.874500,76.975600
642109,569,10.874500,76.975600
642110,569,11.029900,76.963212
642111,634,11.029900,76.963200
642112,634,11.029900,76.963200
642113,634,10.869875,77.177400
642114,569,11.029900,76.963200
642117,569,11.029900,76.963200
642120,634,10.834683,77.124542
642122,634,10.874500,76.975600
642123,569,10.990800,76.841800
642125,569,10.745600,77.103800
642126,634,10.745600,77.103800
642127,569,10.326900,76.951200
642128,634,10.745600,77.103800
642129,569,10.745600,77.103800
642130,569,10.697000,76.944150
642132,634,10.519500,76.912700
642133,569,10.494733,76.874367
642134,569,10.569100,76.989400
642154,634,10.874500,76.975600
642201,634,10.866817,76.988817
642202,634,10.793686,77.135214
642203,634,10.901813,76.998150
642204,634,10.874500,76.975600
642205,634,10.762160,77.055960
642206,634,11.130780,77.151080
642207,634,10.874500,76.975600
643001,587,11.416700,76.686300
643002,587,11.462400,76.776900
643003,587,11.331900,76.663000
643004,587,11.381187,76.664100
643005,587,11.471817,76.674717
643006,587,11.416700,76.686300
643007,587,11.416700,76.686300
643101,587,11.455900,76.641900
643102,587,11.446733,76.650467
643103,587,11.379100,76.812000
643105,587,11.455900,76.641900
643201,587,11.469500,76.552300
643202,587,11.363200,76.757900
643203,587,11.469500,76.552300
643204,587,11.469500,76.552300
643205,587,11.512900,76.278100
643206,587,11.458500,76.732700
643207,587,11.543700,76.440400
643209,587,11.469500,76.552300
643211,587,11.471927,76.611673
643212,587,11.473100,76.379400
643213,587,11.414600,76.856200
643214,587,11.414600,76.856200
643215,587,11.400000,76.700000
643216,587,11.451600,76.929700
643217,587,11.464000,76.872907
643218,587,11.286400,76.741800
643219,587,11.271100,76.642900
643220,587,11.533800,76.536100
643221,587,11.533800,76.536100
643223,587,11.568200,76.647100
643224,587,11.480800,76.543700
643225,587,11.552400,76.417600
643226,587,11.533800,76.536100
643228,587,11.533800,76.536100
643231,587,11.365500,76.784400
643233,587,11.490800,76.339200
643236,587,11.414400,76.927700
643237,587,11.423600,76.683800
643238,587,11.423600,76.683800
643239,587,11.423600,76.683800
643240,587,11.565900,76.370800
643241,587,11.434400,76.683100
643242,587,11.359800,76.933700
643243,587,11.377600,76.744600
643253,587,11.441200,76.727700
